{
    "default": {
        "zoom": 14,
        "center": [13.418056, 52.499167],
        "height": 256
    },
    "literal": {
        "classes": ["literal"],
        "zoom": 14,
        "center": [13.418056, 52.499167],
        "height": 256
    },
    "function": {
        "classes": ["function"],
        "zoom": 14,
        "center": [13.418056, 52.499167],
        "height": 256
    }
}
