{
    "fractional": {
        "zoom": 16.1,
        "center": [13.418056, 52.499167],
        "height": 256
    },
    "overzoom": {
        "zoom": 17,
        "center": [13.418056, 52.499167],
        "height": 256
    },
    "underzoom": {
        "zoom": 15,
        "center": [13.418056, 52.499167],
        "height": 256
    }
}
