{
    "default": {
        "zoom": 16,
        "center": [13.418056, 52.499167],
        "width": 256,
        "height": 128,
        "pixelRatio": 2
    }
}
