{
    "literal": {
        "zoom": 14,
        "center": [52.499167, 13.418056],
        "height": 256
    },
    "opacity": {
        "zoom": 14,
        "center": [52.499167, 13.418056],
        "height": 256,
        "classes": ["opacity"]
    }
}
