{
    "left": {
        "zoom": 14,
        "center": [13.418056, 52.499167],
        "height": 256,
        "classes": ["left"]
    },
    "right": {
        "zoom": 14,
        "center": [13.418056, 52.499167],
        "height": 256,
        "classes": ["right"]
    }
}
