{
    "left": {
        "diff": 0.003,
        "zoom": 14,
        "center": [52.499167, 13.418056],
        "height": 256,
        "classes": ["left"]
    },
    "right": {
        "diff": 0.003,
        "zoom": 14,
        "center": [52.499167, 13.418056],
        "height": 256,
        "classes": ["right"]
    }
}
