{
    "default": {
        "zoom": 14,
        "center": [52.499167, 13.418056],
        "height": 256
    },
    "literal": {
        "zoom": 14,
        "center": [52.499167, 13.418056],
        "height": 256,
        "classes": ["literal"]
    },
    "function": {
        "diff": 0.00015,
        "zoom": 14,
        "center": [52.499167, 13.418056],
        "height": 256,
        "classes": ["function"]
    }
}
